PassengerId,Survived,Pclass,Age,Fare,FamilySize,IsAlone,Sex_male,Embarked_Q,Embarked_S,Title_Col,Title_Don,Title_Dr,Title_Jonkheer,Title_Lady,Title_Major,Title_Master,Title_Miss,Title_Mlle,Title_Mme,Title_Mr,Title_Mrs,Title_Ms,Title_Rev,Title_Sir,Title_the Countess
446,1,1,4.0,81.8583,3,0,True,False,True,False,False,False,False,False,False,True,False,False,False,False,False,False,False,False,False
651,0,3,28.0,7.8958,1,1,True,False,True,False,False,False,False,False,False,False,False,False,False,True,False,False,False,False,False
173,1,3,1.0,11.1333,3,0,False,False,True,False,False,False,False,False,False,False,True,False,False,False,False,False,False,False,False
451,0,2,36.0,27.75,4,0,True,False,True,False,False,False,False,False,False,False,False,False,False,True,False,False,False,False,False
315,0,2,43.0,26.25,3,0,True,False,True,False,False,False,False,False,False,False,False,False,False,True,False,False,False,False,False
333,0,1,38.0,153.4625,2,0,True,False,True,False,False,False,False,False,False,False,False,False,False,True,False,False,False,False,False
802,1,2,31.0,26.25,3,0,False,False,True,False,False,False,False,False,False,False,False,False,False,False,True,False,False,False,False
91,0,3,29.0,8.05,1,1,True,False,True,False,False,False,False,False,False,False,False,False,False,True,False,False,False,False,False
835,0,3,18.0,8.3,1,1,True,False,True,False,False,False,False,False,False,False,False,False,False,True,False,False,False,False,False
182,0,2,28.0,15.05,1,1,True,False,False,False,False,False,False,False,False,False,False,False,False,True,False,False,False,False,False
582,1,1,39.0,110.8833,3,0,False,False,False,False,False,False,False,False,False,False,False,False,False,False,True,False,False,False,False
796,0,2,39.0,13.0,1,1,True,False,True,False,False,False,False,False,False,False,False,False,False,True,False,False,False,False,False
70,0,3,26.0,8.6625,3,0,True,False,True,False,False,False,False,False,False,False,False,False,False,True,False,False,False,False,False
132,0,3,20.0,7.05,1,1,True,False,True,False,False,False,False,False,False,False,False,False,False,True,False,False,False,False,False
335,1,1,28.0,133.65,2,0,False,False,True,False,False,False,False,False,False,False,False,False,False,False,True,False,False,False,False
598,0,3,49.0,0.0,1,1,True,False,True,False,False,False,False,False,False,False,False,False,False,True,False,False,False,False,False
136,0,2,23.0,15.0458,1,1,True,False,False,False,False,False,False,False,False,False,False,False,False,True,False,False,False,False,False
165,0,3,1.0,39.6875,6,0,True,False,True,False,False,False,False,False,False,True,False,False,False,False,False,False,False,False,False
29,1,3,28.0,7.8792,1,1,False,True,False,False,False,False,False,False,False,False,True,False,False,False,False,False,False,False,False
784,0,3,28.0,23.45,4,0,True,False,True,False,False,False,False,False,False,False,False,False,False,True,False,False,False,False,False
194,1,2,3.0,26.0,3,0,True,False,True,False,False,False,False,False,False,True,False,False,False,False,False,False,False,False,False
870,1,3,4.0,11.1333,3,0,True,False,True,False,False,False,False,False,False,True,False,False,False,False,False,False,False,False,False
716,0,3,19.0,7.65,1,1,True,False,True,False,False,False,False,False,False,False,False,False,False,True,False,False,False,False,False
526,0,3,40.5,7.75,1,1,True,True,False,False,False,False,False,False,False,False,False,False,False,True,False,False,False,False,False
382,1,3,1.0,15.7417,3,0,False,False,False,False,False,False,False,False,False,False,True,False,False,False,False,False,False,False,False
141,0,3,28.0,15.2458,3,0,False,False,False,False,False,False,False,False,False,False,False,False,False,False,True,False,False,False,False
174,0,3,21.0,7.925,1,1,True,False,True,False,False,False,False,False,False,False,False,False,False,True,False,False,False,False,False
7,0,1,54.0,51.8625,1,1,True,False,True,False,False,False,False,False,False,False,False,False,False,True,False,False,False,False,False
719,0,3,28.0,15.5,1,1,True,True,False,False,False,False,False,False,False,False,False,False,False,True,False,False,False,False,False
686,0,2,25.0,41.5792,4,0,True,False,False,False,False,False,False,False,False,False,False,False,False,True,False,False,False,False,False
74,0,3,26.0,14.4542,2,0,True,False,False,False,False,False,False,False,False,False,False,False,False,True,False,False,False,False,False
883,0,3,22.0,10.5167,1,1,False,False,True,False,False,False,False,False,False,False,True,False,False,False,False,False,False,False,False
329,1,3,31.0,20.525,3,0,False,False,True,False,False,False,False,False,False,False,False,False,False,False,True,False,False,False,False
454,1,1,49.0,89.1042,2,0,True,False,False,False,False,False,False,False,False,False,False,False,False,True,False,False,False,False,False
146,0,2,19.0,36.75,3,0,True,False,True,False,False,False,False,False,False,False,False,False,False,True,False,False,False,False,False
235,0,2,24.0,10.5,1,1,True,False,True,False,False,False,False,False,False,False,False,False,False,True,False,False,False,False,False
221,1,3,16.0,8.05,1,1,True,False,True,False,False,False,False,False,False,False,False,False,False,True,False,False,False,False,False
371,1,1,25.0,55.4417,2,0,True,False,False,False,False,False,False,False,False,False,False,False,False,True,False,False,False,False,False
812,0,3,39.0,24.15,1,1,True,False,True,False,False,False,False,False,False,False,False,False,False,True,False,False,False,False,False
133,0,3,47.0,14.5,2,0,False,False,True,False,False,False,False,False,False,False,False,False,False,False,True,False,False,False,False
695,0,1,60.0,26.55,1,1,True,False,True,True,False,False,False,False,False,False,False,False,False,False,False,False,False,False,False
865,0,2,24.0,13.0,1,1,True,False,True,False,False,False,False,False,False,False,False,False,False,True,False,False,False,False,False
186,0,1,28.0,50.0,1,1,True,False,True,False,False,False,False,False,False,False,False,False,False,True,False,False,False,False,False
42,0,2,27.0,21.0,2,0,False,False,True,False,False,False,False,False,False,False,False,False,False,False,True,False,False,False,False
548,1,2,28.0,13.8625,1,1,True,False,False,False,False,False,False,False,False,False,False,False,False,True,False,False,False,False,False
109,0,3,38.0,7.8958,1,1,True,False,True,False,False,False,False,False,False,False,False,False,False,True,False,False,False,False,False
604,0,3,44.0,8.05,1,1,True,False,True,False,False,False,False,False,False,False,False,False,False,True,False,False,False,False,False
57,1,2,21.0,10.5,1,1,False,False,True,False,False,False,False,False,False,False,True,False,False,False,False,False,False,False,False
395,1,3,24.0,16.7,3,0,False,False,True,False,False,False,False,False,False,False,False,False,False,False,True,False,False,False,False
707,1,2,45.0,13.5,1,1,False,False,True,False,False,False,False,False,False,False,False,False,False,False,True,False,False,False,False
550,1,2,8.0,36.75,3,0,True,False,True,False,False,False,False,False,False,True,False,False,False,False,False,False,False,False,False
25,0,3,8.0,21.075,5,0,False,False,True,False,False,False,False,False,False,False,True,False,False,False,False,False,False,False,False
352,0,1,28.0,35.0,1,1,True,False,True,False,False,False,False,False,False,False,False,False,False,True,False,False,False,False,False
430,1,3,32.0,8.05,1,1,True,False,True,False,False,False,False,False,False,False,False,False,False,True,False,False,False,False,False
435,0,1,50.0,55.9,2,0,True,False,True,False,False,False,False,False,False,False,False,False,False,True,False,False,False,False,False
52,0,3,21.0,7.8,1,1,True,False,True,False,False,False,False,False,False,False,False,False,False,True,False,False,False,False,False
527,1,2,50.0,10.5,1,1,False,False,True,False,False,False,False,False,False,False,True,False,False,False,False,False,False,False,False
817,0,3,23.0,7.925,1,1,False,False,True,False,False,False,False,False,False,False,True,False,False,False,False,False,False,False,False
570,1,3,32.0,7.8542,1,1,True,False,True,False,False,False,False,False,False,False,False,False,False,True,False,False,False,False,False
265,0,3,28.0,7.75,1,1,False,True,False,False,False,False,False,False,False,False,True,False,False,False,False,False,False,False,False
437,0,3,21.0,34.375,5,0,False,False,True,False,False,False,False,False,False,False,True,False,False,False,False,False,False,False,False
614,0,3,28.0,7.75,1,1,True,True,False,False,False,False,False,False,False,False,False,False,False,True,False,False,False,False,False
694,0,3,25.0,7.225,1,1,True,False,False,False,False,False,False,False,False,False,False,False,False,True,False,False,False,False,False
353,0,3,15.0,7.2292,3,0,True,False,False,False,False,False,False,False,False,False,False,False,False,True,False,False,False,False,False
19,0,3,31.0,18.0,2,0,False,False,True,False,False,False,False,False,False,False,False,False,False,False,True,False,False,False,False
667,0,2,25.0,13.0,1,1,True,False,True,False,False,False,False,False,False,False,False,False,False,True,False,False,False,False,False
583,0,2,54.0,26.0,1,1,True,False,True,False,False,False,False,False,False,False,False,False,False,True,False,False,False,False,False
84,0,1,28.0,47.1,1,1,True,False,True,False,False,False,False,False,False,False,False,False,False,True,False,False,False,False,False
62,1,1,38.0,80.0,1,1,False,False,True,False,False,False,False,False,False,False,True,False,False,False,False,False,False,False,False
273,1,2,41.0,19.5,2,0,False,False,True,False,False,False,False,False,False,False,False,False,False,False,True,False,False,False,False
286,0,3,33.0,8.6625,1,1,True,False,False,False,False,False,False,False,False,False,False,False,False,True,False,False,False,False,False
696,0,2,52.0,13.5,1,1,True,False,True,False,False,False,False,False,False,False,False,False,False,True,False,False,False,False,False
747,0,3,16.0,20.25,3,0,True,False,True,False,False,False,False,False,False,False,False,False,False,True,False,False,False,False,False
13,0,3,20.0,8.05,1,1,True,False,True,False,False,False,False,False,False,False,False,False,False,True,False,False,False,False,False
183,0,3,9.0,31.3875,7,0,True,False,True,False,False,False,False,False,False,True,False,False,False,False,False,False,False,False,False
445,1,3,28.0,8.1125,1,1,True,False,True,False,False,False,False,False,False,False,False,False,False,True,False,False,False,False,False
553,0,3,28.0,7.8292,1,1,True,True,False,False,False,False,False,False,False,False,False,False,False,True,False,False,False,False,False
224,0,3,28.0,7.8958,1,1,True,False,True,False,False,False,False,False,False,False,False,False,False,True,False,False,False,False,False
514,1,1,54.0,59.4,2,0,False,False,False,False,False,False,False,False,False,False,False,False,False,False,True,False,False,False,False
629,0,3,26.0,7.8958,1,1,True,False,True,False,False,False,False,False,False,False,False,False,False,True,False,False,False,False,False
588,1,1,60.0,79.2,3,0,True,False,False,False,False,False,False,False,False,False,False,False,False,True,False,False,False,False,False
693,1,3,28.0,56.4958,1,1,True,False,True,False,False,False,False,False,False,False,False,False,False,True,False,False,False,False,False
524,1,1,44.0,57.9792,2,0,False,False,False,False,False,False,False,False,False,False,False,False,False,False,True,False,False,False,False
665,1,3,20.0,7.925,2,0,True,False,True,False,False,False,False,False,False,False,False,False,False,True,False,False,False,False,False
177,0,3,28.0,25.4667,5,0,True,False,True,False,False,False,False,False,False,True,False,False,False,False,False,False,False,False,False
842,0,2,16.0,10.5,1,1,True,False,True,False,False,False,False,False,False,False,False,False,False,True,False,False,False,False,False
679,0,3,43.0,46.9,8,0,False,False,True,False,False,False,False,False,False,False,False,False,False,False,True,False,False,False,False
164,0,3,17.0,8.6625,1,1,True,False,True,False,False,False,False,False,False,False,False,False,False,True,False,False,False,False,False
249,1,1,37.0,52.5542,3,0,True,False,True,False,False,False,False,False,False,False,False,False,False,True,False,False,False,False,False
571,1,2,62.0,10.5,1,1,True,False,True,False,False,False,False,False,False,False,False,False,False,True,False,False,False,False,False
788,0,3,8.0,29.125,6,0,True,True,False,False,False,False,False,False,False,True,False,False,False,False,False,False,False,False,False
75,1,3,32.0,56.4958,1,1,True,False,True,False,False,False,False,False,False,False,False,False,False,True,False,False,False,False,False
114,0,3,20.0,9.825,2,0,False,False,True,False,False,False,False,False,False,False,True,False,False,False,False,False,False,False,False
636,1,2,28.0,13.0,1,1,False,False,True,False,False,False,False,False,False,False,True,False,False,False,False,False,False,False,False
502,0,3,21.0,7.75,1,1,False,True,False,False,False,False,False,False,False,False,True,False,False,False,False,False,False,False,False
105,0,3,37.0,7.925,3,0,True,False,True,False,False,False,False,False,False,False,False,False,False,True,False,False,False,False,False
115,0,3,17.0,14.4583,1,1,False,False,False,False,False,False,False,False,False,False,True,False,False,False,False,False,False,False,False
369,1,3,28.0,7.75,1,1,False,True,False,False,False,False,False,False,False,False,True,False,False,False,False,False,False,False,False
93,0,1,46.0,61.175,2,0,True,False,True,False,False,False,False,False,False,False,False,False,False,True,False,False,False,False,False
498,0,3,28.0,15.1,1,1,True,False,True,False,False,False,False,False,False,False,False,False,False,True,False,False,False,False,False
90,0,3,24.0,8.05,1,1,True,False,True,False,False,False,False,False,False,False,False,False,False,True,False,False,False,False,False
337,0,1,29.0,66.6,2,0,True,False,True,False,False,False,False,False,False,False,False,False,False,True,False,False,False,False,False
880,1,1,56.0,83.1583,2,0,False,False,False,False,False,False,False,False,False,False,False,False,False,False,True,False,False,False,False
818,0,2,31.0,37.0042,3,0,True,False,False,False,False,False,False,False,False,False,False,False,False,True,False,False,False,False,False
829,1,3,28.0,7.75,1,1,True,True,False,False,False,False,False,False,False,False,False,False,False,True,False,False,False,False,False
544,1,2,32.0,26.0,2,0,True,False,True,False,False,False,False,False,False,False,False,False,False,True,False,False,False,False,False
549,0,3,33.0,20.525,3,0,True,False,True,False,False,False,False,False,False,False,False,False,False,True,False,False,False,False,False
95,0,3,59.0,7.25,1,1,True,False,True,False,False,False,False,False,False,False,False,False,False,True,False,False,False,False,False
12,1,1,58.0,26.55,1,1,False,False,True,False,False,False,False,False,False,False,True,False,False,False,False,False,False,False,False
432,1,3,28.0,16.1,2,0,False,False,True,False,False,False,False,False,False,False,False,False,False,False,True,False,False,False,False
44,1,2,3.0,41.5792,4,0,False,False,False,False,False,False,False,False,False,False,True,False,False,False,False,False,False,False,False
43,0,3,28.0,7.8958,1,1,True,False,False,False,False,False,False,False,False,False,False,False,False,True,False,False,False,False,False
330,1,1,16.0,57.9792,2,0,False,False,False,False,False,False,False,False,False,False,True,False,False,False,False,False,False,False,False
168,0,3,45.0,27.9,6,0,False,False,True,False,False,False,False,False,False,False,False,False,False,False,True,False,False,False,False
780,1,1,43.0,211.3375,2,0,False,False,True,False,False,False,False,False,False,False,False,False,False,False,True,False,False,False,False
538,1,1,30.0,106.425,1,1,False,False,False,False,False,False,False,False,False,False,True,False,False,False,False,False,False,False,False
736,0,3,28.5,16.1,1,1,True,False,True,False,False,False,False,False,False,False,False,False,False,True,False,False,False,False,False
500,0,3,24.0,7.7958,1,1,True,False,True,False,False,False,False,False,False,False,False,False,False,True,False,False,False,False,False
179,0,2,30.0,13.0,1,1,True,False,True,False,False,False,False,False,False,False,False,False,False,True,False,False,False,False,False
584,0,1,36.0,40.125,1,1,True,False,False,False,False,False,False,False,False,False,False,False,False,True,False,False,False,False,False
785,0,3,25.0,7.05,1,1,True,False,True,False,False,False,False,False,False,False,False,False,False,True,False,False,False,False,False
594,0,3,28.0,7.75,3,0,False,True,False,False,False,False,False,False,False,False,True,False,False,False,False,False,False,False,False
178,0,1,50.0,28.7125,1,1,False,False,False,False,False,False,False,False,False,False,True,False,False,False,False,False,False,False,False
645,1,3,0.75,19.2583,4,0,False,False,False,False,False,False,False,False,False,False,True,False,False,False,False,False,False,False,False
711,1,1,24.0,49.5042,1,1,False,False,False,False,False,False,False,False,False,False,False,True,False,False,False,False,False,False,False
616,1,2,24.0,65.0,4,0,False,False,True,False,False,False,False,False,False,False,True,False,False,False,False,False,False,False,False
384,1,1,35.0,52.0,2,0,False,False,True,False,False,False,False,False,False,False,False,False,False,False,True,False,False,False,False
258,1,1,30.0,86.5,1,1,False,False,True,False,False,False,False,False,False,False,True,False,False,False,False,False,False,False,False
735,0,2,23.0,13.0,1,1,True,False,True,False,False,False,False,False,False,False,False,False,False,True,False,False,False,False,False
336,0,3,28.0,7.8958,1,1,True,False,True,False,False,False,False,False,False,False,False,False,False,True,False,False,False,False,False
552,0,2,27.0,26.0,1,1,True,False,True,False,False,False,False,False,False,False,False,False,False,True,False,False,False,False,False
16,1,2,55.0,16.0,1,1,False,False,True,False,False,False,False,False,False,False,False,False,False,False,True,False,False,False,False
4,1,1,35.0,53.1,2,0,False,False,True,False,False,False,False,False,False,False,False,False,False,False,True,False,False,False,False
412,0,3,28.0,6.8583,1,1,True,True,False,False,False,False,False,False,False,False,False,False,False,True,False,False,False,False,False
257,1,1,28.0,79.2,1,1,False,False,False,False,False,False,False,False,False,False,False,False,False,False,True,False,False,False,False
452,0,3,28.0,19.9667,2,0,True,False,True,False,False,False,False,False,False,False,False,False,False,True,False,False,False,False,False
474,1,2,23.0,13.7917,1,1,False,False,False,False,False,False,False,False,False,False,False,False,False,False,True,False,False,False,False
698,1,3,28.0,7.7333,1,1,False,True,False,False,False,False,False,False,False,False,True,False,False,False,False,False,False,False,False
394,1,1,23.0,113.275,2,0,False,False,False,False,False,False,False,False,False,False,True,False,False,False,False,False,False,False,False
223,0,3,51.0,8.05,1,1,True,False,True,False,False,False,False,False,False,False,False,False,False,True,False,False,False,False,False
507,1,2,33.0,26.0,3,0,False,False,True,False,False,False,False,False,False,False,False,False,False,False,True,False,False,False,False
568,0,3,29.0,21.075,5,0,False,False,True,False,False,False,False,False,False,False,False,False,False,False,True,False,False,False,False
421,0,3,28.0,7.8958,1,1,True,False,False,False,False,False,False,False,False,False,False,False,False,True,False,False,False,False,False
325,0,3,28.0,69.55,11,0,True,False,True,False,False,False,False,False,False,False,False,False,False,True,False,False,False,False,False
531,1,2,2.0,26.0,3,0,False,False,True,False,False,False,False,False,False,False,True,False,False,False,False,False,False,False,False
10,1,2,14.0,30.0708,2,0,False,False,False,False,False,False,False,False,False,False,False,False,False,False,True,False,False,False,False
250,0,2,54.0,26.0,2,0,True,False,True,False,False,False,False,False,False,False,False,False,False,False,False,False,True,False,False
23,1,3,15.0,8.0292,1,1,False,True,False,False,False,False,False,False,False,False,True,False,False,False,False,False,False,False,False
357,1,1,22.0,55.0,2,0,False,False,True,False,False,False,False,False,False,False,True,False,False,False,False,False,False,False,False
222,0,2,27.0,13.0,1,1,True,False,True,False,False,False,False,False,False,False,False,False,False,True,False,False,False,False,False
602,0,3,28.0,7.8958,1,1,True,False,True,False,False,False,False,False,False,False,False,False,False,True,False,False,False,False,False
767,0,1,28.0,39.6,1,1,True,False,False,False,False,True,False,False,False,False,False,False,False,False,False,False,False,False,False
875,1,2,28.0,24.0,2,0,False,False,False,False,False,False,False,False,False,False,False,False,False,False,True,False,False,False,False
529,0,3,39.0,7.925,1,1,True,False,True,False,False,False,False,False,False,False,False,False,False,True,False,False,False,False,False
341,1,2,2.0,26.0,3,0,True,False,True,False,False,False,False,False,False,True,False,False,False,False,False,False,False,False,False
744,0,3,24.0,16.1,2,0,True,False,True,False,False,False,False,False,False,False,False,False,False,True,False,False,False,False,False
520,0,3,32.0,7.8958,1,1,True,False,True,False,False,False,False,False,False,False,False,False,False,True,False,False,False,False,False
204,0,3,45.5,7.225,1,1,True,False,False,False,False,False,False,False,False,False,False,False,False,True,False,False,False,False,False
238,1,2,8.0,26.25,3,0,False,False,True,False,False,False,False,False,False,False,True,False,False,False,False,False,False,False,False
94,0,3,26.0,20.575,4,0,True,False,True,False,False,False,False,False,False,False,False,False,False,True,False,False,False,False,False
731,1,1,29.0,211.3375,1,1,False,False,True,False,False,False,False,False,False,False,True,False,False,False,False,False,False,False,False
441,1,2,45.0,26.25,3,0,False,False,True,False,False,False,False,False,False,False,False,False,False,False,True,False,False,False,False
560,1,3,36.0,17.4,2,0,False,False,True,False,False,False,False,False,False,False,False,False,False,False,True,False,False,False,False
285,0,1,28.0,26.0,1,1,True,False,True,False,False,False,False,False,False,False,False,False,False,True,False,False,False,False,False
185,1,3,4.0,22.025,3,0,False,False,True,False,False,False,False,False,False,False,True,False,False,False,False,False,False,False,False
792,0,2,16.0,26.0,1,1,True,False,True,False,False,False,False,False,False,False,False,False,False,True,False,False,False,False,False
488,0,1,58.0,29.7,1,1,True,False,False,False,False,False,False,False,False,False,False,False,False,True,False,False,False,False,False
154,0,3,40.5,14.5,3,0,True,False,True,False,False,False,False,False,False,False,False,False,False,True,False,False,False,False,False
76,0,3,25.0,7.65,1,1,True,False,True,False,False,False,False,False,False,False,False,False,False,True,False,False,False,False,False
657,0,3,28.0,7.8958,1,1,True,False,True,False,False,False,False,False,False,False,False,False,False,True,False,False,False,False,False
632,0,3,51.0,7.0542,1,1,True,False,True,False,False,False,False,False,False,False,False,False,False,True,False,False,False,False,False
278,0,2,28.0,0.0,1,1,True,False,True,False,False,False,False,False,False,False,False,False,False,True,False,False,False,False,False
69,1,3,17.0,7.925,7,0,False,False,True,False,False,False,False,False,False,False,True,False,False,False,False,False,False,False,False
826,0,3,28.0,6.95,1,1,True,True,False,False,False,False,False,False,False,False,False,False,False,True,False,False,False,False,False
189,0,3,40.0,15.5,3,0,True,True,False,False,False,False,False,False,False,False,False,False,False,True,False,False,False,False,False
272,1,3,25.0,0.0,1,1,True,False,True,False,False,False,False,False,False,False,False,False,False,True,False,False,False,False,False
663,0,1,47.0,25.5875,1,1,True,False,True,False,False,False,False,False,False,False,False,False,False,True,False,False,False,False,False
712,0,1,28.0,26.55,1,1,True,False,True,False,False,False,False,False,False,False,False,False,False,True,False,False,False,False,False
237,0,2,44.0,26.0,2,0,True,False,True,False,False,False,False,False,False,False,False,False,False,True,False,False,False,False,False
89,1,1,23.0,263.0,6,0,False,False,True,False,False,False,False,False,False,False,True,False,False,False,False,False,False,False,False
758,0,2,18.0,11.5,1,1,True,False,True,False,False,False,False,False,False,False,False,False,False,True,False,False,False,False,False
118,0,2,29.0,21.0,2,0,True,False,True,False,False,False,False,False,False,False,False,False,False,True,False,False,False,False,False
126,1,3,12.0,11.2417,2,0,True,False,False,False,False,False,False,False,False,True,False,False,False,False,False,False,False,False,False
732,0,3,11.0,18.7875,1,1,True,False,False,False,False,False,False,False,False,False,False,False,False,True,False,False,False,False,False
290,1,3,22.0,7.75,1,1,False,True,False,False,False,False,False,False,False,False,True,False,False,False,False,False,False,False,False
239,0,2,19.0,10.5,1,1,True,False,True,False,False,False,False,False,False,False,False,False,False,True,False,False,False,False,False
1,0,3,22.0,7.25,2,0,True,False,True,False,False,False,False,False,False,False,False,False,False,True,False,False,False,False,False
882,0,3,33.0,7.8958,1,1,True,False,True,False,False,False,False,False,False,False,False,False,False,True,False,False,False,False,False
468,0,1,56.0,26.55,1,1,True,False,True,False,False,False,False,False,False,False,False,False,False,True,False,False,False,False,False
828,1,2,1.0,37.0042,3,0,True,False,False,False,False,False,False,False,False,True,False,False,False,False,False,False,False,False,False
396,0,3,22.0,7.7958,1,1,True,False,True,False,False,False,False,False,False,False,False,False,False,True,False,False,False,False,False
532,0,3,28.0,7.2292,1,1,True,False,False,False,False,False,False,False,False,False,False,False,False,True,False,False,False,False,False
127,0,3,28.0,7.75,1,1,True,True,False,False,False,False,False,False,False,False,False,False,False,True,False,False,False,False,False
279,0,3,7.0,29.125,6,0,True,True,False,False,False,False,False,False,False,True,False,False,False,False,False,False,False,False,False
692,1,3,4.0,13.4167,2,0,False,False,False,False,False,False,False,False,False,False,True,False,False,False,False,False,False,False,False
117,0,3,70.5,7.75,1,1,True,True,False,False,False,False,False,False,False,False,False,False,False,True,False,False,False,False,False
229,0,2,18.0,13.0,1,1,True,False,True,False,False,False,False,False,False,False,False,False,False,True,False,False,False,False,False
623,1,3,20.0,15.7417,3,0,True,False,False,False,False,False,False,False,False,False,False,False,False,True,False,False,False,False,False
656,0,2,24.0,73.5,3,0,True,False,True,False,False,False,False,False,False,False,False,False,False,True,False,False,False,False,False
599,0,3,28.0,7.225,1,1,True,False,False,False,False,False,False,False,False,False,False,False,False,True,False,False,False,False,False
517,1,2,34.0,10.5,1,1,False,False,True,False,False,False,False,False,False,False,False,False,False,False,True,False,False,False,False
275,1,3,28.0,7.75,1,1,False,True,False,False,False,False,False,False,False,False,True,False,False,False,False,False,False,False,False
319,1,1,31.0,164.8667,3,0,False,False,True,False,False,False,False,False,False,False,True,False,False,False,False,False,False,False,False
607,0,3,30.0,7.8958,1,1,True,False,True,False,False,False,False,False,False,False,False,False,False,True,False,False,False,False,False
145,0,2,18.0,11.5,1,1,True,False,True,False,False,False,False,False,False,False,False,False,False,True,False,False,False,False,False
635,0,3,9.0,27.9,6,0,False,False,True,False,False,False,False,False,False,False,True,False,False,False,False,False,False,False,False
559,1,1,39.0,79.65,3,0,False,False,True,False,False,False,False,False,False,False,False,False,False,False,True,False,False,False,False
810,1,1,33.0,53.1,2,0,False,False,True,False,False,False,False,False,False,False,False,False,False,False,True,False,False,False,False
746,0,1,70.0,71.0,3,0,True,False,True,False,False,False,False,False,False,False,False,False,False,False,False,False,False,False,False
370,1,1,24.0,69.3,1,1,False,False,False,False,False,False,False,False,False,False,False,False,True,False,False,False,False,False,False
269,1,1,58.0,153.4625,2,0,False,False,True,False,False,False,False,False,False,False,False,False,False,False,True,False,False,False,False
624,0,3,21.0,7.8542,1,1,True,False,True,False,False,False,False,False,False,False,False,False,False,True,False,False,False,False,False
308,1,1,17.0,108.9,2,0,False,False,False,False,False,False,False,False,False,False,False,False,False,False,True,False,False,False,False
424,0,3,28.0,14.4,3,0,False,False,True,False,False,False,False,False,False,False,False,False,False,False,True,False,False,False,False
311,1,1,24.0,83.1583,1,1,False,False,False,False,False,False,False,False,False,False,True,False,False,False,False,False,False,False,False
355,0,3,28.0,7.225,1,1,True,False,False,False,False,False,False,False,False,False,False,False,False,True,False,False,False,False,False
47,0,3,28.0,15.5,2,0,True,True,False,False,False,False,False,False,False,False,False,False,False,True,False,False,False,False,False
350,0,3,42.0,8.6625,1,1,True,False,True,False,False,False,False,False,False,False,False,False,False,True,False,False,False,False,False
372,0,3,18.0,6.4958,2,0,True,False,True,False,False,False,False,False,False,False,False,False,False,True,False,False,False,False,False
480,1,3,2.0,12.2875,2,0,False,False,True,False,False,False,False,False,False,False,True,False,False,False,False,False,False,False,False
577,1,2,34.0,13.0,1,1,False,False,True,False,False,False,False,False,False,False,True,False,False,False,False,False,False,False,False
262,1,3,3.0,31.3875,7,0,True,False,True,False,False,False,False,False,False,True,False,False,False,False,False,False,False,False,False
196,1,1,58.0,146.5208,1,1,False,False,False,False,False,False,False,False,False,False,True,False,False,False,False,False,False,False,False
891,0,3,32.0,7.75,1,1,True,True,False,False,False,False,False,False,False,False,False,False,False,True,False,False,False,False,False
745,1,3,31.0,7.925,1,1,True,False,True,False,False,False,False,False,False,False,False,False,False,True,False,False,False,False,False
108,1,3,28.0,7.775,1,1,True,False,True,False,False,False,False,False,False,False,False,False,False,True,False,False,False,False,False
867,1,2,27.0,13.8583,2,0,False,False,False,False,False,False,False,False,False,False,True,False,False,False,False,False,False,False,False
60,0,3,11.0,46.9,8,0,True,False,True,False,False,False,False,False,False,True,False,False,False,False,False,False,False,False,False
659,0,2,23.0,13.0,1,1,True,False,True,False,False,False,False,False,False,False,False,False,False,True,False,False,False,False,False
264,0,1,40.0,0.0,1,1,True,False,True,False,False,False,False,False,False,False,False,False,False,True,False,False,False,False,False
569,0,3,28.0,7.2292,1,1,True,False,False,False,False,False,False,False,False,False,False,False,False,True,False,False,False,False,False
101,0,3,28.0,7.8958,1,1,False,False,True,False,False,False,False,False,False,False,True,False,False,False,False,False,False,False,False
444,1,2,28.0,13.0,1,1,False,False,True,False,False,False,False,False,False,False,False,False,False,False,False,True,False,False,False
491,0,3,28.0,19.9667,2,0,True,False,True,False,False,False,False,False,False,False,False,False,False,True,False,False,False,False,False
688,0,3,19.0,10.1708,1,1,True,False,True,False,False,False,False,False,False,False,False,False,False,True,False,False,False,False,False
800,0,3,30.0,24.15,3,0,False,False,True,False,False,False,False,False,False,False,False,False,False,False,True,False,False,False,False
641,0,3,20.0,7.8542,1,1,True,False,True,False,False,False,False,False,False,False,False,False,False,True,False,False,False,False,False
170,0,3,28.0,56.4958,1,1,True,False,True,False,False,False,False,False,False,False,False,False,False,True,False,False,False,False,False
180,0,3,36.0,0.0,1,1,True,False,True,False,False,False,False,False,False,False,False,False,False,True,False,False,False,False,False
305,0,3,28.0,8.05,1,1,True,False,True,False,False,False,False,False,False,False,False,False,False,True,False,False,False,False,False
342,1,1,24.0,263.0,6,0,False,False,True,False,False,False,False,False,False,False,True,False,False,False,False,False,False,False,False
58,0,3,28.5,7.2292,1,1,True,False,False,False,False,False,False,False,False,False,False,False,False,True,False,False,False,False,False
859,1,3,24.0,19.2583,4,0,False,False,False,False,False,False,False,False,False,False,False,False,False,False,True,False,False,False,False
150,0,2,42.0,13.0,1,1,True,False,True,False,False,False,False,False,False,False,False,False,False,False,False,False,True,False,False
125,0,1,54.0,77.2875,2,0,True,False,True,False,False,False,False,False,False,False,False,False,False,True,False,False,False,False,False
704,0,3,25.0,7.7417,1,1,True,True,False,False,False,False,False,False,False,False,False,False,False,True,False,False,False,False,False
51,0,3,7.0,39.6875,6,0,True,False,True,False,False,False,False,False,False,True,False,False,False,False,False,False,False,False,False
354,0,3,25.0,17.8,2,0,True,False,True,False,False,False,False,False,False,False,False,False,False,True,False,False,False,False,False
824,1,3,27.0,12.475,2,0,False,False,True,False,False,False,False,False,False,False,False,False,False,False,True,False,False,False,False
143,1,3,24.0,15.85,2,0,False,False,True,False,False,False,False,False,False,False,False,False,False,False,True,False,False,False,False
471,0,3,28.0,7.25,1,1,True,False,True,False,False,False,False,False,False,False,False,False,False,True,False,False,False,False,False
400,1,2,28.0,12.65,1,1,False,False,True,False,False,False,False,False,False,False,False,False,False,False,True,False,False,False,False
576,0,3,19.0,14.5,1,1,True,False,True,False,False,False,False,False,False,False,False,False,False,True,False,False,False,False,False
321,0,3,22.0,7.25,1,1,True,False,True,False,False,False,False,False,False,False,False,False,False,True,False,False,False,False,False
20,1,3,28.0,7.225,1,1,False,False,False,False,False,False,False,False,False,False,False,False,False,False,True,False,False,False,False
793,0,3,28.0,69.55,11,0,False,False,True,False,False,False,False,False,False,False,True,False,False,False,False,False,False,False,False
708,1,1,42.0,26.2875,1,1,True,False,True,False,False,False,False,False,False,False,False,False,False,True,False,False,False,False,False
724,0,2,50.0,13.0,1,1,True,False,True,False,False,False,False,False,False,False,False,False,False,True,False,False,False,False,False
408,1,2,3.0,18.75,3,0,True,False,True,False,False,False,False,False,False,True,False,False,False,False,False,False,False,False,False
558,0,1,28.0,227.525,1,1,True,False,False,False,False,False,False,False,False,False,False,False,False,True,False,False,False,False,False
39,0,3,18.0,18.0,3,0,False,False,True,False,False,False,False,False,False,False,True,False,False,False,False,False,False,False,False
176,0,3,18.0,7.8542,3,0,True,False,True,False,False,False,False,False,False,False,False,False,False,True,False,False,False,False,False
246,0,1,44.0,90.0,3,0,True,True,False,False,False,True,False,False,False,False,False,False,False,False,False,False,False,False,False
741,1,1,28.0,30.0,1,1,True,False,True,False,False,False,False,False,False,False,False,False,False,True,False,False,False,False,False
603,0,1,28.0,42.4,1,1,True,False,True,False,False,False,False,False,False,False,False,False,False,True,False,False,False,False,False
769,0,3,28.0,24.15,2,0,True,True,False,False,False,False,False,False,False,False,False,False,False,True,False,False,False,False,False
765,0,3,16.0,7.775,1,1,True,False,True,False,False,False,False,False,False,False,False,False,False,True,False,False,False,False,False
155,0,3,28.0,7.3125,1,1,True,False,True,False,False,False,False,False,False,False,False,False,False,True,False,False,False,False,False
288,0,3,22.0,7.8958,1,1,True,False,True,False,False,False,False,False,False,False,False,False,False,True,False,False,False,False,False
751,1,2,4.0,23.0,3,0,False,False,True,False,False,False,False,False,False,False,True,False,False,False,False,False,False,False,False
18,1,2,28.0,13.0,1,1,True,False,True,False,False,False,False,False,False,False,False,False,False,True,False,False,False,False,False
128,1,3,24.0,7.1417,1,1,True,False,True,False,False,False,False,False,False,False,False,False,False,True,False,False,False,False,False
323,1,2,30.0,12.35,1,1,False,True,False,False,False,False,False,False,False,False,True,False,False,False,False,False,False,False,False
256,1,3,29.0,15.2458,3,0,False,False,False,False,False,False,False,False,False,False,False,False,False,False,True,False,False,False,False
771,0,3,24.0,9.5,1,1,True,False,True,False,False,False,False,False,False,False,False,False,False,True,False,False,False,False,False
857,1,1,45.0,164.8667,3,0,False,False,True,False,False,False,False,False,False,False,False,False,False,False,True,False,False,False,False
191,1,2,32.0,13.0,1,1,False,False,True,False,False,False,False,False,False,False,False,False,False,False,True,False,False,False,False
116,0,3,21.0,7.925,1,1,True,False,True,False,False,False,False,False,False,False,False,False,False,True,False,False,False,False,False
738,1,1,35.0,512.3292,1,1,True,False,False,False,False,False,False,False,False,False,False,False,False,True,False,False,False,False,False
181,0,3,28.0,69.55,11,0,False,False,True,False,False,False,False,False,False,False,True,False,False,False,False,False,False,False,False
302,1,3,28.0,23.25,3,0,True,True,False,False,False,False,False,False,False,False,False,False,False,True,False,False,False,False,False
680,1,1,36.0,512.3292,2,0,True,False,False,False,False,False,False,False,False,False,False,False,False,True,False,False,False,False,False
639,0,3,41.0,39.6875,6,0,False,False,True,False,False,False,False,False,False,False,False,False,False,False,True,False,False,False,False
650,1,3,23.0,7.55,1,1,False,False,True,False,False,False,False,False,False,False,True,False,False,False,False,False,False,False,False
617,0,3,34.0,14.4,3,0,True,False,True,False,False,False,False,False,False,False,False,False,False,True,False,False,False,False,False
597,1,2,28.0,33.0,1,1,False,False,True,False,False,False,False,False,False,False,True,False,False,False,False,False,False,False,False
518,0,3,28.0,24.15,1,1,True,True,False,False,False,False,False,False,False,False,False,False,False,True,False,False,False,False,False
876,1,3,15.0,7.225,1,1,False,False,False,False,False,False,False,False,False,False,True,False,False,False,False,False,False,False,False
46,0,3,28.0,8.05,1,1,True,False,True,False,False,False,False,False,False,False,False,False,False,True,False,False,False,False,False
808,0,3,18.0,7.775,1,1,False,False,True,False,False,False,False,False,False,False,True,False,False,False,False,False,False,False,False
158,0,3,30.0,8.05,1,1,True,False,True,False,False,False,False,False,False,False,False,False,False,True,False,False,False,False,False
666,0,2,32.0,73.5,3,0,True,False,True,False,False,False,False,False,False,False,False,False,False,True,False,False,False,False,False
172,0,3,4.0,29.125,6,0,True,True,False,False,False,False,False,False,False,True,False,False,False,False,False,False,False,False,False
17,0,3,2.0,29.125,6,0,True,True,False,False,False,False,False,False,False,True,False,False,False,False,False,False,False,False,False
512,0,3,28.0,8.05,1,1,True,False,True,False,False,False,False,False,False,False,False,False,False,True,False,False,False,False,False
49,0,3,28.0,21.6792,3,0,True,False,False,False,False,False,False,False,False,False,False,False,False,True,False,False,False,False,False
863,1,1,48.0,25.9292,1,1,False,False,True,False,False,False,False,False,False,False,False,False,False,False,True,False,False,False,False
750,0,3,31.0,7.75,1,1,True,True,False,False,False,False,False,False,False,False,False,False,False,True,False,False,False,False,False
516,0,1,47.0,34.0208,1,1,True,False,True,False,False,False,False,False,False,False,False,False,False,True,False,False,False,False,False
618,0,3,26.0,16.1,2,0,False,False,True,False,False,False,False,False,False,False,False,False,False,False,True,False,False,False,False
481,0,3,9.0,46.9,8,0,True,False,True,False,False,False,False,False,False,True,False,False,False,False,False,False,False,False,False
284,1,3,19.0,8.05,1,1,True,False,True,False,False,False,False,False,False,False,False,False,False,True,False,False,False,False,False
590,0,3,28.0,8.05,1,1,True,False,True,False,False,False,False,False,False,False,False,False,False,True,False,False,False,False,False
226,0,3,22.0,9.35,1,1,True,False,True,False,False,False,False,False,False,False,False,False,False,True,False,False,False,False,False
27,0,3,28.0,7.225,1,1,True,False,False,False,False,False,False,False,False,False,False,False,False,True,False,False,False,False,False
849,0,2,28.0,33.0,2,0,True,False,True,False,False,False,False,False,False,False,False,False,False,False,False,False,True,False,False
438,1,2,24.0,18.75,6,0,False,False,True,False,False,False,False,False,False,False,False,False,False,False,True,False,False,False,False
845,0,3,17.0,8.6625,1,1,True,False,True,False,False,False,False,False,False,False,False,False,False,True,False,False,False,False,False
365,0,3,28.0,15.5,2,0,True,True,False,False,False,False,False,False,False,False,False,False,False,True,False,False,False,False,False
230,0,3,28.0,25.4667,5,0,False,False,True,False,False,False,False,False,False,False,True,False,False,False,False,False,False,False,False
38,0,3,21.0,8.05,1,1,True,False,True,False,False,False,False,False,False,False,False,False,False,True,False,False,False,False,False
858,1,1,51.0,26.55,1,1,True,False,True,False,False,False,False,False,False,False,False,False,False,True,False,False,False,False,False
375,0,3,3.0,21.075,5,0,False,False,True,False,False,False,False,False,False,False,True,False,False,False,False,False,False,False,False
470,1,3,0.75,19.2583,4,0,False,False,False,False,False,False,False,False,False,False,True,False,False,False,False,False,False,False,False
860,0,3,28.0,7.2292,1,1,True,False,False,False,False,False,False,False,False,False,False,False,False,True,False,False,False,False,False
759,0,3,34.0,8.05,1,1,True,False,True,False,False,False,False,False,False,False,False,False,False,True,False,False,False,False,False
652,1,2,18.0,23.0,2,0,False,False,True,False,False,False,False,False,False,False,True,False,False,False,False,False,False,False,False
195,1,1,44.0,27.7208,1,1,False,False,False,False,False,False,False,False,False,False,False,False,False,False,True,False,False,False,False
761,0,3,28.0,14.5,1,1,True,False,True,False,False,False,False,False,False,False,False,False,False,True,False,False,False,False,False
869,0,3,28.0,9.5,1,1,True,False,True,False,False,False,False,False,False,False,False,False,False,True,False,False,False,False,False
504,0,3,37.0,9.5875,1,1,False,False,True,False,False,False,False,False,False,False,True,False,False,False,False,False,False,False,False
862,0,2,21.0,11.5,2,0,True,False,True,False,False,False,False,False,False,False,False,False,False,True,False,False,False,False,False
742,0,1,36.0,78.85,2,0,True,False,True,False,False,False,False,False,False,False,False,False,False,True,False,False,False,False,False
580,1,3,32.0,7.925,1,1,True,False,True,False,False,False,False,False,False,False,False,False,False,True,False,False,False,False,False
889,0,3,28.0,23.45,4,0,False,False,True,False,False,False,False,False,False,False,True,False,False,False,False,False,False,False,False
163,0,3,26.0,7.775,1,1,True,False,True,False,False,False,False,False,False,False,False,False,False,True,False,False,False,False,False
631,1,1,80.0,30.0,1,1,True,False,True,False,False,False,False,False,False,False,False,False,False,True,False,False,False,False,False
153,0,3,55.5,8.05,1,1,True,False,True,False,False,False,False,False,False,False,False,False,False,True,False,False,False,False,False
685,0,2,60.0,39.0,3,0,True,False,True,False,False,False,False,False,False,False,False,False,False,True,False,False,False,False,False
630,0,3,28.0,7.7333,1,1,True,True,False,False,False,False,False,False,False,False,False,False,False,True,False,False,False,False,False
676,0,3,18.0,7.775,1,1,True,False,True,False,False,False,False,False,False,False,False,False,False,True,False,False,False,False,False
112,0,3,14.5,14.4542,2,0,False,False,False,False,False,False,False,False,False,False,True,False,False,False,False,False,False,False,False
227,1,2,19.0,10.5,1,1,True,False,True,False,False,False,False,False,False,False,False,False,False,True,False,False,False,False,False
619,1,2,4.0,39.0,4,0,False,False,True,False,False,False,False,False,False,False,True,False,False,False,False,False,False,False,False
104,0,3,33.0,8.6542,1,1,True,False,True,False,False,False,False,False,False,False,False,False,False,True,False,False,False,False,False
422,0,3,21.0,7.7333,1,1,True,True,False,False,False,False,False,False,False,False,False,False,False,True,False,False,False,False,False
420,0,3,10.0,24.15,3,0,False,False,True,False,False,False,False,False,False,False,True,False,False,False,False,False,False,False,False
587,0,2,47.0,15.0,1,1,True,False,True,False,False,False,False,False,False,False,False,False,False,True,False,False,False,False,False
120,0,3,2.0,31.275,7,0,False,False,True,False,False,False,False,False,False,False,True,False,False,False,False,False,False,False,False
54,1,2,29.0,26.0,2,0,False,False,True,False,False,False,False,False,False,False,False,False,False,False,True,False,False,False,False
152,1,1,22.0,66.6,2,0,False,False,True,False,False,False,False,False,False,False,False,False,False,False,True,False,False,False,False
404,0,3,28.0,15.85,2,0,True,False,True,False,False,False,False,False,False,False,False,False,False,True,False,False,False,False,False
840,1,1,28.0,29.7,1,1,True,False,False,False,False,False,False,False,False,False,False,False,False,True,False,False,False,False,False
208,1,3,26.0,18.7875,1,1,True,False,False,False,False,False,False,False,False,False,False,False,False,True,False,False,False,False,False
753,0,3,33.0,9.5,1,1,True,False,True,False,False,False,False,False,False,False,False,False,False,True,False,False,False,False,False
718,1,2,27.0,10.5,1,1,False,False,True,False,False,False,False,False,False,False,True,False,False,False,False,False,False,False,False
9,1,3,27.0,11.1333,3,0,False,False,True,False,False,False,False,False,False,False,False,False,False,False,True,False,False,False,False
723,0,2,34.0,13.0,1,1,True,False,True,False,False,False,False,False,False,False,False,False,False,True,False,False,False,False,False
37,1,3,28.0,7.2292,1,1,True,False,False,False,False,False,False,False,False,False,False,False,False,True,False,False,False,False,False
453,0,1,30.0,27.75,1,1,True,False,False,False,False,False,False,False,False,False,False,False,False,True,False,False,False,False,False
254,0,3,30.0,16.1,2,0,True,False,True,False,False,False,False,False,False,False,False,False,False,True,False,False,False,False,False
304,1,2,28.0,12.35,1,1,False,True,False,False,False,False,False,False,False,False,True,False,False,False,False,False,False,False,False
668,0,3,28.0,7.775,1,1,True,False,True,False,False,False,False,False,False,False,False,False,False,True,False,False,False,False,False
572,1,1,53.0,51.4792,3,0,False,False,True,False,False,False,False,False,False,False,False,False,False,False,True,False,False,False,False
637,0,3,32.0,7.925,1,1,True,False,True,False,False,False,False,False,False,False,False,False,False,True,False,False,False,False,False
715,0,2,52.0,13.0,1,1,True,False,True,False,False,False,False,False,False,False,False,False,False,True,False,False,False,False,False
263,0,1,52.0,79.65,3,0,True,False,True,False,False,False,False,False,False,False,False,False,False,True,False,False,False,False,False
611,0,3,39.0,31.275,7,0,False,False,True,False,False,False,False,False,False,False,False,False,False,False,True,False,False,False,False
298,0,1,2.0,151.55,4,0,False,False,True,False,False,False,False,False,False,False,True,False,False,False,False,False,False,False,False
415,1,3,44.0,7.925,1,1,True,False,True,False,False,False,False,False,False,False,False,False,False,True,False,False,False,False,False
151,0,2,51.0,12.525,1,1,True,False,True,False,False,False,False,False,False,False,False,False,False,False,False,False,True,False,False
706,0,2,39.0,26.0,1,1,True,False,True,False,False,False,False,False,False,False,False,False,False,True,False,False,False,False,False
790,0,1,46.0,79.2,1,1,True,False,False,False,False,False,False,False,False,False,False,False,False,True,False,False,False,False,False
551,1,1,17.0,110.8833,3,0,True,False,False,False,False,False,False,False,False,False,False,False,False,True,False,False,False,False,False
489,0,3,30.0,8.05,1,1,True,False,True,False,False,False,False,False,False,False,False,False,False,True,False,False,False,False,False
148,0,3,9.0,34.375,5,0,False,False,True,False,False,False,False,False,False,False,True,False,False,False,False,False,False,False,False
147,1,3,27.0,7.7958,1,1,True,False,True,False,False,False,False,False,False,False,False,False,False,True,False,False,False,False,False
837,0,3,21.0,8.6625,1,1,True,False,True,False,False,False,False,False,False,False,False,False,False,True,False,False,False,False,False
827,0,3,28.0,56.4958,1,1,True,False,True,False,False,False,False,False,False,False,False,False,False,True,False,False,False,False,False
871,0,3,26.0,7.8958,1,1,True,False,True,False,False,False,False,False,False,False,False,False,False,True,False,False,False,False,False
349,1,3,3.0,15.9,3,0,True,False,True,False,False,False,False,False,False,True,False,False,False,False,False,False,False,False,False
464,0,2,48.0,13.0,1,1,True,False,True,False,False,False,False,False,False,False,False,False,False,True,False,False,False,False,False
326,1,1,36.0,135.6333,1,1,False,False,False,False,False,False,False,False,False,False,True,False,False,False,False,False,False,False,False
187,1,3,28.0,15.5,2,0,False,True,False,False,False,False,False,False,False,False,False,False,False,False,True,False,False,False,False
124,1,2,32.5,13.0,1,1,False,False,True,False,False,False,False,False,False,False,True,False,False,False,False,False,False,False,False
760,1,1,33.0,86.5,1,1,False,False,True,False,False,False,False,False,False,False,False,False,False,False,False,False,False,False,True
609,1,2,22.0,41.5792,4,0,False,False,False,False,False,False,False,False,False,False,False,False,False,False,True,False,False,False,False
144,0,3,19.0,6.75,1,1,True,True,False,False,False,False,False,False,False,False,False,False,False,True,False,False,False,False,False
852,0,3,74.0,7.775,1,1,True,False,True,False,False,False,False,False,False,False,False,False,False,True,False,False,False,False,False
198,0,3,42.0,8.4042,2,0,True,False,True,False,False,False,False,False,False,False,False,False,False,True,False,False,False,False,False
610,1,1,40.0,153.4625,1,1,False,False,True,False,False,False,False,False,False,False,True,False,False,False,False,False,False,False,False
280,1,3,35.0,20.25,3,0,False,False,True,False,False,False,False,False,False,False,False,False,False,False,True,False,False,False,False
294,0,3,24.0,8.85,1,1,False,False,True,False,False,False,False,False,False,False,True,False,False,False,False,False,False,False,False
401,1,3,39.0,7.925,1,1,True,False,True,False,False,False,False,False,False,False,False,False,False,True,False,False,False,False,False
123,0,2,32.5,30.0708,2,0,True,False,False,False,False,False,False,False,False,False,False,False,False,True,False,False,False,False,False
184,1,2,1.0,39.0,4,0,True,False,True,False,False,False,False,False,False,True,False,False,False,False,False,False,False,False,False
203,0,3,34.0,6.4958,1,1,True,False,True,False,False,False,False,False,False,False,False,False,False,True,False,False,False,False,False
439,0,1,64.0,263.0,6,0,True,False,True,False,False,False,False,False,False,False,False,False,False,True,False,False,False,False,False
247,0,3,25.0,7.775,1,1,False,False,True,False,False,False,False,False,False,False,True,False,False,False,False,False,False,False,False
416,0,3,28.0,8.05,1,1,False,False,True,False,False,False,False,False,False,False,False,False,False,False,True,False,False,False,False
789,1,3,1.0,20.575,4,0,True,False,True,False,False,False,False,False,False,True,False,False,False,False,False,False,False,False,False
130,0,3,45.0,6.975,1,1,True,False,True,False,False,False,False,False,False,False,False,False,False,True,False,False,False,False,False
638,0,2,31.0,26.25,3,0,True,False,True,False,False,False,False,False,False,False,False,False,False,True,False,False,False,False,False
403,0,3,21.0,9.825,2,0,False,False,True,False,False,False,False,False,False,False,True,False,False,False,False,False,False,False,False
795,0,3,25.0,7.8958,1,1,True,False,True,False,False,False,False,False,False,False,False,False,False,True,False,False,False,False,False
690,1,1,15.0,211.3375,2,0,False,False,True,False,False,False,False,False,False,False,True,False,False,False,False,False,False,False,False
811,0,3,26.0,7.8875,1,1,True,False,True,False,False,False,False,False,False,False,False,False,False,True,False,False,False,False,False
220,0,2,30.0,10.5,1,1,True,False,True,False,False,False,False,False,False,False,False,False,False,True,False,False,False,False,False
642,1,1,24.0,69.3,1,1,False,False,False,False,False,False,False,False,False,False,False,True,False,False,False,False,False,False,False
813,0,2,35.0,10.5,1,1,True,False,True,False,False,False,False,False,False,False,False,False,False,True,False,False,False,False,False
673,0,2,70.0,10.5,1,1,True,False,True,False,False,False,False,False,False,False,False,False,False,True,False,False,False,False,False
816,0,1,28.0,0.0,1,1,True,False,True,False,False,False,False,False,False,False,False,False,False,True,False,False,False,False,False
625,0,3,21.0,16.1,1,1,True,False,True,False,False,False,False,False,False,False,False,False,False,True,False,False,False,False,False
856,1,3,18.0,9.35,2,0,False,False,True,False,False,False,False,False,False,False,False,False,False,False,True,False,False,False,False
681,0,3,28.0,8.1375,1,1,False,True,False,False,False,False,False,False,False,False,True,False,False,False,False,False,False,False,False
387,0,3,1.0,46.9,8,0,True,False,True,False,False,False,False,False,False,True,False,False,False,False,False,False,False,False,False
864,0,3,28.0,69.55,11,0,False,False,True,False,False,False,False,False,False,False,True,False,False,False,False,False,False,False,False
510,1,3,26.0,56.4958,1,1,True,False,True,False,False,False,False,False,False,False,False,False,False,True,False,False,False,False,False
268,1,3,25.0,7.775,2,0,True,False,True,False,False,False,False,False,False,False,False,False,False,True,False,False,False,False,False
733,0,2,28.0,0.0,1,1,True,False,True,False,False,False,False,False,False,False,False,False,False,True,False,False,False,False,False
442,0,3,20.0,9.5,1,1,True,False,True,False,False,False,False,False,False,False,False,False,False,True,False,False,False,False,False
497,1,1,54.0,78.2667,2,0,False,False,False,False,False,False,False,False,False,False,True,False,False,False,False,False,False,False,False
113,0,3,22.0,8.05,1,1,True,False,True,False,False,False,False,False,False,False,False,False,False,True,False,False,False,False,False
233,0,2,59.0,13.5,1,1,True,False,True,False,False,False,False,False,False,False,False,False,False,True,False,False,False,False,False
775,1,2,54.0,23.0,5,0,False,False,True,False,False,False,False,False,False,False,False,False,False,False,True,False,False,False,False
608,1,1,27.0,30.5,1,1,True,False,True,False,False,False,False,False,False,False,False,False,False,True,False,False,False,False,False
672,0,1,31.0,52.0,2,0,True,False,True,False,False,False,False,False,False,False,False,False,False,True,False,False,False,False,False
374,0,1,22.0,135.6333,1,1,True,False,False,False,False,False,False,False,False,False,False,False,False,True,False,False,False,False,False
873,0,1,33.0,5.0,1,1,True,False,True,False,False,False,False,False,False,False,False,False,False,True,False,False,False,False,False
752,1,3,6.0,12.475,2,0,True,False,True,False,False,False,False,False,False,True,False,False,False,False,False,False,False,False,False
234,1,3,5.0,31.3875,7,0,False,False,True,False,False,False,False,False,False,False,True,False,False,False,False,False,False,False,False
807,0,1,39.0,0.0,1,1,True,False,True,False,False,False,False,False,False,False,False,False,False,True,False,False,False,False,False
677,0,3,24.5,8.05,1,1,True,False,True,False,False,False,False,False,False,False,False,False,False,True,False,False,False,False,False
318,0,2,54.0,14.0,1,1,True,False,True,False,False,True,False,False,False,False,False,False,False,False,False,False,False,False,False
649,0,3,28.0,7.55,1,1,True,False,True,False,False,False,False,False,False,False,False,False,False,True,False,False,False,False,False
411,0,3,28.0,7.8958,1,1,True,False,True,False,False,False,False,False,False,False,False,False,False,True,False,False,False,False,False
799,0,3,30.0,7.2292,1,1,True,False,False,False,False,False,False,False,False,False,False,False,False,True,False,False,False,False,False
359,1,3,28.0,7.8792,1,1,False,True,False,False,False,False,False,False,False,False,True,False,False,False,False,False,False,False,False
259,1,1,35.0,512.3292,1,1,False,False,False,False,False,False,False,False,False,False,True,False,False,False,False,False,False,False,False
628,1,1,21.0,77.9583,1,1,False,False,True,False,False,False,False,False,False,False,True,False,False,False,False,False,False,False,False
633,1,1,32.0,30.5,1,1,True,False,False,False,False,True,False,False,False,False,False,False,False,False,False,False,False,False,False
283,0,3,16.0,9.5,1,1,True,False,True,False,False,False,False,False,False,False,False,False,False,True,False,False,False,False,False
377,1,3,22.0,7.25,1,1,False,False,True,False,False,False,False,False,False,False,True,False,False,False,False,False,False,False,False
385,0,3,28.0,7.8958,1,1,True,False,True,False,False,False,False,False,False,False,False,False,False,True,False,False,False,False,False
225,1,1,38.0,90.0,2,0,True,False,True,False,False,False,False,False,False,False,False,False,False,True,False,False,False,False,False
847,0,3,28.0,69.55,11,0,True,False,True,False,False,False,False,False,False,False,False,False,False,True,False,False,False,False,False
729,0,2,25.0,26.0,2,0,True,False,True,False,False,False,False,False,False,False,False,False,False,True,False,False,False,False,False
473,1,2,33.0,27.75,4,0,False,False,True,False,False,False,False,False,False,False,False,False,False,False,True,False,False,False,False
348,1,3,28.0,16.1,2,0,False,False,True,False,False,False,False,False,False,False,False,False,False,False,True,False,False,False,False
506,0,1,18.0,108.9,2,0,True,False,False,False,False,False,False,False,False,False,False,False,False,True,False,False,False,False,False
640,0,3,28.0,16.1,2,0,True,False,True,False,False,False,False,False,False,False,False,False,False,True,False,False,False,False,False
879,0,3,28.0,7.8958,1,1,True,False,True,False,False,False,False,False,False,False,False,False,False,True,False,False,False,False,False
825,0,3,2.0,39.6875,6,0,True,False,True,False,False,False,False,False,False,True,False,False,False,False,False,False,False,False,False
804,1,3,0.42,8.5167,2,0,True,False,False,False,False,False,False,False,False,True,False,False,False,False,False,False,False,False,False
620,0,2,26.0,10.5,1,1,True,False,True,False,False,False,False,False,False,False,False,False,False,True,False,False,False,False,False
762,0,3,41.0,7.125,1,1,True,False,True,False,False,False,False,False,False,False,False,False,False,True,False,False,False,False,False
646,1,1,48.0,76.7292,2,0,True,False,False,False,False,False,False,False,False,False,False,False,False,True,False,False,False,False,False
755,1,2,48.0,65.0,4,0,False,False,True,False,False,False,False,False,False,False,False,False,False,False,True,False,False,False,False
557,1,1,48.0,39.6,2,0,False,False,False,False,False,False,False,True,False,False,False,False,False,False,False,False,False,False,False
851,0,3,4.0,31.275,7,0,True,False,True,False,False,False,False,False,False,True,False,False,False,False,False,False,False,False,False
578,1,1,39.0,55.9,2,0,False,False,True,False,False,False,False,False,False,False,False,False,False,False,True,False,False,False,False
86,1,3,33.0,15.85,4,0,False,False,True,False,False,False,False,False,False,False,False,False,False,False,True,False,False,False,False
243,0,2,29.0,10.5,1,1,True,False,True,False,False,False,False,False,False,False,False,False,False,True,False,False,False,False,False
699,0,1,49.0,110.8833,3,0,True,False,False,False,False,False,False,False,False,False,False,False,False,True,False,False,False,False,False
160,0,3,28.0,69.55,11,0,True,False,True,False,False,False,False,False,False,True,False,False,False,False,False,False,False,False,False
525,0,3,28.0,7.2292,1,1,True,False,False,False,False,False,False,False,False,False,False,False,False,True,False,False,False,False,False
36,0,1,42.0,52.0,2,0,True,False,True,False,False,False,False,False,False,False,False,False,False,True,False,False,False,False,False
541,1,1,36.0,71.0,3,0,False,False,True,False,False,False,False,False,False,False,True,False,False,False,False,False,False,False,False
171,0,1,61.0,33.5,1,1,True,False,True,False,False,False,False,False,False,False,False,False,False,True,False,False,False,False,False
655,0,3,18.0,6.75,1,1,False,True,False,False,False,False,False,False,False,False,True,False,False,False,False,False,False,False,False
787,1,3,18.0,7.4958,1,1,False,False,True,False,False,False,False,False,False,False,True,False,False,False,False,False,False,False,False
756,1,2,0.67,14.5,3,0,True,False,True,False,False,False,False,False,False,True,False,False,False,False,False,False,False,False,False
839,1,3,32.0,56.4958,1,1,True,False,True,False,False,False,False,False,False,False,False,False,False,True,False,False,False,False,False
96,0,3,28.0,8.05,1,1,True,False,True,False,False,False,False,False,False,False,False,False,False,True,False,False,False,False,False
564,0,3,28.0,8.05,1,1,True,False,True,False,False,False,False,False,False,False,False,False,False,True,False,False,False,False,False
241,0,3,28.0,14.4542,2,0,False,False,False,False,False,False,False,False,False,False,True,False,False,False,False,False,False,False,False
575,0,3,16.0,8.05,1,1,True,False,True,False,False,False,False,False,False,False,False,False,False,True,False,False,False,False,False
691,1,1,31.0,57.0,2,0,True,False,True,False,False,False,False,False,False,False,False,False,False,True,False,False,False,False,False
461,1,1,48.0,26.55,1,1,True,False,True,False,False,False,False,False,False,False,False,False,False,True,False,False,False,False,False
554,1,3,22.0,7.225,1,1,True,False,False,False,False,False,False,False,False,False,False,False,False,True,False,False,False,False,False
781,1,3,13.0,7.2292,1,1,False,False,False,False,False,False,False,False,False,False,True,False,False,False,False,False,False,False,False
207,0,3,32.0,15.85,2,0,True,False,True,False,False,False,False,False,False,False,False,False,False,True,False,False,False,False,False
393,0,3,28.0,7.925,3,0,True,False,True,False,False,False,False,False,False,False,False,False,False,True,False,False,False,False,False
398,0,2,46.0,26.0,1,1,True,False,True,False,False,False,False,False,False,False,False,False,False,True,False,False,False,False,False
757,0,3,28.0,7.7958,1,1,True,False,True,False,False,False,False,False,False,False,False,False,False,True,False,False,False,False,False
218,0,2,42.0,27.0,2,0,True,False,True,False,False,False,False,False,False,False,False,False,False,True,False,False,False,False,False
5,0,3,35.0,8.05,1,1,True,False,True,False,False,False,False,False,False,False,False,False,False,True,False,False,False,False,False
643,0,3,2.0,27.9,6,0,False,False,True,False,False,False,False,False,False,False,True,False,False,False,False,False,False,False,False
798,1,3,31.0,8.6833,1,1,False,False,True,False,False,False,False,False,False,False,False,False,False,False,True,False,False,False,False
613,1,3,28.0,15.5,2,0,False,True,False,False,False,False,False,False,False,False,True,False,False,False,False,False,False,False,False
739,0,3,28.0,7.8958,1,1,True,False,True,False,False,False,False,False,False,False,False,False,False,True,False,False,False,False,False
547,1,2,19.0,26.0,2,0,False,False,True,False,False,False,False,False,False,False,False,False,False,False,True,False,False,False,False
726,0,3,20.0,8.6625,1,1,True,False,True,False,False,False,False,False,False,False,False,False,False,True,False,False,False,False,False
684,0,3,14.0,46.9,8,0,True,False,True,False,False,False,False,False,False,False,False,False,False,True,False,False,False,False,False
99,1,2,34.0,23.0,2,0,False,False,True,False,False,False,False,False,False,False,False,False,False,False,True,False,False,False,False
728,1,3,28.0,7.7375,1,1,False,True,False,False,False,False,False,False,False,False,True,False,False,False,False,False,False,False,False
574,1,3,28.0,7.75,1,1,False,True,False,False,False,False,False,False,False,False,True,False,False,False,False,False,False,False,False
407,0,3,51.0,7.75,1,1,True,False,True,False,False,False,False,False,False,False,False,False,False,True,False,False,False,False,False
503,0,3,28.0,7.6292,1,1,False,True,False,False,False,False,False,False,False,False,True,False,False,False,False,False,False,False,False
48,1,3,28.0,7.75,1,1,False,True,False,False,False,False,False,False,False,False,True,False,False,False,False,False,False,False,False
33,1,3,28.0,7.75,1,1,False,True,False,False,False,False,False,False,False,False,True,False,False,False,False,False,False,False,False
201,0,3,28.0,9.5,1,1,True,False,True,False,False,False,False,False,False,False,False,False,False,True,False,False,False,False,False
135,0,2,25.0,13.0,1,1,True,False,True,False,False,False,False,False,False,False,False,False,False,True,False,False,False,False,False
28,0,1,19.0,263.0,6,0,True,False,True,False,False,False,False,False,False,False,False,False,False,True,False,False,False,False,False
848,0,3,35.0,7.8958,1,1,True,False,False,False,False,False,False,False,False,False,False,False,False,True,False,False,False,False,False
231,1,1,35.0,83.475,2,0,False,False,True,False,False,False,False,False,False,False,False,False,False,False,True,False,False,False,False
490,1,3,9.0,15.9,3,0,True,False,True,False,False,False,False,False,False,True,False,False,False,False,False,False,False,False,False
379,0,3,20.0,4.0125,1,1,True,False,False,False,False,False,False,False,False,False,False,False,False,True,False,False,False,False,False
289,1,2,42.0,13.0,1,1,True,False,True,False,False,False,False,False,False,False,False,False,False,True,False,False,False,False,False
419,0,2,30.0,13.0,1,1,True,False,True,False,False,False,False,False,False,False,False,False,False,True,False,False,False,False,False
675,0,2,28.0,0.0,1,1,True,False,True,False,False,False,False,False,False,False,False,False,False,True,False,False,False,False,False
392,1,3,21.0,7.7958,1,1,True,False,True,False,False,False,False,False,False,False,False,False,False,True,False,False,False,False,False
593,0,3,47.0,7.25,1,1,True,False,True,False,False,False,False,False,False,False,False,False,False,True,False,False,False,False,False
499,0,1,25.0,151.55,4,0,False,False,True,False,False,False,False,False,False,False,False,False,False,False,True,False,False,False,False
139,0,3,16.0,9.2167,1,1,True,False,True,False,False,False,False,False,False,False,False,False,False,True,False,False,False,False,False
63,0,1,45.0,83.475,2,0,True,False,True,False,False,False,False,False,False,False,False,False,False,True,False,False,False,False,False
472,0,3,38.0,8.6625,1,1,True,False,True,False,False,False,False,False,False,False,False,False,False,True,False,False,False,False,False
648,1,1,56.0,35.5,1,1,True,False,False,True,False,False,False,False,False,False,False,False,False,False,False,False,False,False,False
129,1,3,28.0,22.3583,3,0,False,False,False,False,False,False,False,False,False,False,True,False,False,False,False,False,False,False,False
868,0,1,31.0,50.4958,1,1,True,False,True,False,False,False,False,False,False,False,False,False,False,True,False,False,False,False,False
521,1,1,30.0,93.5,1,1,False,False,True,False,False,False,False,False,False,False,True,False,False,False,False,False,False,False,False
65,0,1,28.0,27.7208,1,1,True,False,False,False,False,False,False,False,False,False,False,False,False,True,False,False,False,False,False
15,0,3,14.0,7.8542,1,1,False,False,True,False,False,False,False,False,False,False,True,False,False,False,False,False,False,False,False
157,1,3,16.0,7.7333,1,1,False,True,False,False,False,False,False,False,False,False,True,False,False,False,False,False,False,False,False
41,0,3,40.0,9.475,2,0,False,False,True,False,False,False,False,False,False,False,False,False,False,False,True,False,False,False,False
493,0,1,55.0,30.5,1,1,True,False,True,False,False,False,False,False,False,False,False,False,False,True,False,False,False,False,False
380,0,3,19.0,7.775,1,1,True,False,True,False,False,False,False,False,False,False,False,False,False,True,False,False,False,False,False
188,1,1,45.0,26.55,1,1,True,False,True,False,False,False,False,False,False,False,False,False,False,True,False,False,False,False,False
764,1,1,36.0,120.0,4,0,False,False,True,False,False,False,False,False,False,False,False,False,False,False,True,False,False,False,False
217,1,3,27.0,7.925,1,1,False,False,True,False,False,False,False,False,False,False,True,False,False,False,False,False,False,False,False
53,1,1,49.0,76.7292,2,0,False,False,False,False,False,False,False,False,False,False,False,False,False,False,True,False,False,False,False
338,1,1,41.0,134.5,1,1,False,False,False,False,False,False,False,False,False,False,True,False,False,False,False,False,False,False,False
749,0,1,19.0,53.1,2,0,True,False,True,False,False,False,False,False,False,False,False,False,False,True,False,False,False,False,False
720,0,3,33.0,7.775,1,1,True,False,True,False,False,False,False,False,False,False,False,False,False,True,False,False,False,False,False
725,1,1,27.0,53.1,2,0,True,False,True,False,False,False,False,False,False,False,False,False,False,True,False,False,False,False,False
296,0,1,28.0,27.7208,1,1,True,False,False,False,False,False,False,False,False,False,False,False,False,True,False,False,False,False,False
702,1,1,35.0,26.2875,1,1,True,False,True,False,False,False,False,False,False,False,False,False,False,True,False,False,False,False,False
252,0,3,29.0,10.4625,3,0,False,False,True,False,False,False,False,False,False,False,False,False,False,False,True,False,False,False,False
727,1,2,30.0,21.0,4,0,False,False,True,False,False,False,False,False,False,False,False,False,False,False,True,False,False,False,False
462,0,3,34.0,8.05,1,1,True,False,True,False,False,False,False,False,False,False,False,False,False,True,False,False,False,False,False
456,1,3,29.0,7.8958,1,1,True,False,False,False,False,False,False,False,False,False,False,False,False,True,False,False,False,False,False
888,1,1,19.0,30.0,1,1,False,False,True,False,False,False,False,False,False,False,True,False,False,False,False,False,False,False,False
270,1,1,35.0,135.6333,1,1,False,False,True,False,False,False,False,False,False,False,True,False,False,False,False,False,False,False,False
202,0,3,28.0,69.55,11,0,True,False,True,False,False,False,False,False,False,False,False,False,False,True,False,False,False,False,False
162,1,2,40.0,15.75,1,1,False,False,True,False,False,False,False,False,False,False,False,False,False,False,True,False,False,False,False
556,0,1,62.0,26.55,1,1,True,False,True,False,False,False,False,False,False,False,False,False,False,True,False,False,False,False,False
730,0,3,25.0,7.925,2,0,False,False,True,False,False,False,False,False,False,False,True,False,False,False,False,False,False,False,False
402,0,3,26.0,8.05,1,1,True,False,True,False,False,False,False,False,False,False,False,False,False,True,False,False,False,False,False
703,0,3,18.0,14.4542,2,0,False,False,False,False,False,False,False,False,False,False,True,False,False,False,False,False,False,False,False
477,0,2,34.0,21.0,2,0,True,False,True,False,False,False,False,False,False,False,False,False,False,True,False,False,False,False,False
772,0,3,48.0,7.8542,1,1,True,False,True,False,False,False,False,False,False,False,False,False,False,True,False,False,False,False,False
106,0,3,28.0,7.8958,1,1,True,False,True,False,False,False,False,False,False,False,False,False,False,True,False,False,False,False,False
566,0,3,24.0,24.15,3,0,True,False,True,False,False,False,False,False,False,False,False,False,False,True,False,False,False,False,False
390,1,2,17.0,12.0,1,1,False,False,False,False,False,False,False,False,False,False,True,False,False,False,False,False,False,False,False
2,1,1,38.0,71.2833,2,0,False,False,False,False,False,False,False,False,False,False,False,False,False,False,True,False,False,False,False
833,0,3,28.0,7.2292,1,1,True,False,False,False,False,False,False,False,False,False,False,False,False,True,False,False,False,False,False
562,0,3,40.0,7.8958,1,1,True,False,True,False,False,False,False,False,False,False,False,False,False,True,False,False,False,False,False
81,0,3,22.0,9.0,1,1,True,False,True,False,False,False,False,False,False,False,False,False,False,True,False,False,False,False,False
206,0,3,2.0,10.4625,2,0,False,False,True,False,False,False,False,False,False,False,True,False,False,False,False,False,False,False,False
35,0,1,28.0,82.1708,2,0,True,False,False,False,False,False,False,False,False,False,False,False,False,True,False,False,False,False,False
776,0,3,18.0,7.75,1,1,True,False,True,False,False,False,False,False,False,False,False,False,False,True,False,False,False,False,False
509,0,3,28.0,22.525,1,1,True,False,True,False,False,False,False,False,False,False,False,False,False,True,False,False,False,False,False
428,1,2,19.0,26.0,1,1,False,False,True,False,False,False,False,False,False,False,True,False,False,False,False,False,False,False,False
455,0,3,28.0,8.05,1,1,True,False,True,False,False,False,False,False,False,False,False,False,False,True,False,False,False,False,False
367,1,1,60.0,75.25,2,0,False,False,False,False,False,False,False,False,False,False,False,False,False,False,True,False,False,False,False
92,0,3,20.0,7.8542,1,1,True,False,True,False,False,False,False,False,False,False,False,False,False,True,False,False,False,False,False
340,0,1,45.0,35.5,1,1,True,False,True,False,False,False,False,False,False,False,False,False,False,True,False,False,False,False,False
565,0,3,28.0,8.05,1,1,False,False,True,False,False,False,False,False,False,False,True,False,False,False,False,False,False,False,False
346,1,2,24.0,13.0,1,1,False,False,True,False,False,False,False,False,False,False,True,False,False,False,False,False,False,False,False
777,0,3,28.0,7.75,1,1,True,True,False,False,False,False,False,False,False,False,False,False,False,True,False,False,False,False,False
242,1,3,28.0,15.5,2,0,False,True,False,False,False,False,False,False,False,False,True,False,False,False,False,False,False,False,False
14,0,3,39.0,31.275,7,0,True,False,True,False,False,False,False,False,False,False,False,False,False,True,False,False,False,False,False
316,1,3,26.0,7.8542,1,1,False,False,True,False,False,False,False,False,False,False,True,False,False,False,False,False,False,False,False
601,1,2,24.0,27.0,4,0,False,False,True,False,False,False,False,False,False,False,False,False,False,False,True,False,False,False,False
388,1,2,36.0,13.0,1,1,False,False,True,False,False,False,False,False,False,False,True,False,False,False,False,False,False,False,False
274,0,1,37.0,29.7,2,0,True,False,False,False,False,False,False,False,False,False,False,False,False,True,False,False,False,False,False
167,1,1,28.0,55.0,2,0,False,False,True,False,False,False,False,False,False,False,False,False,False,False,True,False,False,False,False
884,0,2,28.0,10.5,1,1,True,False,True,False,False,False,False,False,False,False,False,False,False,True,False,False,False,False,False
647,0,3,19.0,7.8958,1,1,True,False,True,False,False,False,False,False,False,False,False,False,False,True,False,False,False,False,False
819,0,3,43.0,6.45,1,1,True,False,True,False,False,False,False,False,False,False,False,False,False,True,False,False,False,False,False
485,1,1,25.0,91.0792,2,0,True,False,False,False,False,False,False,False,False,False,False,False,False,True,False,False,False,False,False
874,0,3,47.0,9.0,1,1,True,False,True,False,False,False,False,False,False,False,False,False,False,True,False,False,False,False,False
505,1,1,16.0,86.5,1,1,False,False,True,False,False,False,False,False,False,False,True,False,False,False,False,False,False,False,False
832,1,2,0.83,18.75,3,0,True,False,True,False,False,False,False,False,False,True,False,False,False,False,False,False,False,False,False
244,0,3,22.0,7.125,1,1,True,False,True,False,False,False,False,False,False,False,False,False,False,True,False,False,False,False,False
567,0,3,19.0,7.8958,1,1,True,False,True,False,False,False,False,False,False,False,False,False,False,True,False,False,False,False,False
563,0,2,28.0,13.5,1,1,True,False,True,False,False,False,False,False,False,False,False,False,False,True,False,False,False,False,False
687,0,3,14.0,39.6875,6,0,True,False,True,False,False,False,False,False,False,False,False,False,False,True,False,False,False,False,False
190,0,3,36.0,7.8958,1,1,True,False,True,False,False,False,False,False,False,False,False,False,False,True,False,False,False,False,False
783,0,1,29.0,30.0,1,1,True,False,True,False,False,False,False,False,False,False,False,False,False,True,False,False,False,False,False
700,0,3,42.0,7.65,1,1,True,False,True,False,False,False,False,False,False,False,False,False,False,True,False,False,False,False,False
476,0,1,28.0,52.0,1,1,True,False,True,False,False,False,False,False,False,False,False,False,False,True,False,False,False,False,False
682,1,1,27.0,76.7292,1,1,True,False,False,False,False,False,False,False,False,False,False,False,False,True,False,False,False,False,False
511,1,3,29.0,7.75,1,1,True,True,False,False,False,False,False,False,False,False,False,False,False,True,False,False,False,False,False
59,1,2,5.0,27.75,4,0,False,False,True,False,False,False,False,False,False,False,True,False,False,False,False,False,False,False,False
475,0,3,22.0,9.8375,1,1,False,False,True,False,False,False,False,False,False,False,True,False,False,False,False,False,False,False,False
561,0,3,28.0,7.75,1,1,True,True,False,False,False,False,False,False,False,False,False,False,False,True,False,False,False,False,False
748,1,2,30.0,13.0,1,1,False,False,True,False,False,False,False,False,False,False,True,False,False,False,False,False,False,False,False
253,0,1,62.0,26.55,1,1,True,False,True,False,False,False,False,False,False,False,False,False,False,True,False,False,False,False,False
22,1,2,34.0,13.0,1,1,True,False,True,False,False,False,False,False,False,False,False,False,False,True,False,False,False,False,False
314,0,3,28.0,7.8958,1,1,True,False,True,False,False,False,False,False,False,False,False,False,False,True,False,False,False,False,False
460,0,3,28.0,7.75,1,1,True,True,False,False,False,False,False,False,False,False,False,False,False,True,False,False,False,False,False
161,0,3,44.0,16.1,2,0,True,False,True,False,False,False,False,False,False,False,False,False,False,True,False,False,False,False,False
277,0,3,45.0,7.75,1,1,False,False,True,False,False,False,False,False,False,False,True,False,False,False,False,False,False,False,False
192,0,2,19.0,13.0,1,1,True,False,True,False,False,False,False,False,False,False,False,False,False,True,False,False,False,False,False
386,0,2,18.0,73.5,1,1,True,False,True,False,False,False,False,False,False,False,False,False,False,True,False,False,False,False,False
806,0,3,31.0,7.775,1,1,True,False,True,False,False,False,False,False,False,False,False,False,False,True,False,False,False,False,False
414,0,2,28.0,0.0,1,1,True,False,True,False,False,False,False,False,False,False,False,False,False,True,False,False,False,False,False
492,0,3,21.0,7.25,1,1,True,False,True,False,False,False,False,False,False,False,False,False,False,True,False,False,False,False,False
344,0,2,25.0,13.0,1,1,True,False,True,False,False,False,False,False,False,False,False,False,False,True,False,False,False,False,False
770,0,3,32.0,8.3625,1,1,True,False,True,False,False,False,False,False,False,False,False,False,False,True,False,False,False,False,False
309,0,2,30.0,24.0,2,0,True,False,False,False,False,False,False,False,False,False,False,False,False,True,False,False,False,False,False
662,0,3,40.0,7.225,1,1,True,False,False,False,False,False,False,False,False,False,False,False,False,True,False,False,False,False,False
131,0,3,33.0,7.8958,1,1,True,False,False,False,False,False,False,False,False,False,False,False,False,True,False,False,False,False,False
664,0,3,36.0,7.4958,1,1,True,False,True,False,False,False,False,False,False,False,False,False,False,True,False,False,False,False,False
872,1,1,47.0,52.5542,3,0,False,False,True,False,False,False,False,False,False,False,False,False,False,False,True,False,False,False,False
100,0,2,34.0,26.0,2,0,True,False,True,False,False,False,False,False,False,False,False,False,False,True,False,False,False,False,False
373,0,3,19.0,8.05,1,1,True,False,True,False,False,False,False,False,False,False,False,False,False,True,False,False,False,False,False
88,0,3,28.0,8.05,1,1,True,False,True,False,False,False,False,False,False,False,False,False,False,True,False,False,False,False,False
459,1,2,50.0,10.5,1,1,False,False,True,False,False,False,False,False,False,False,True,False,False,False,False,False,False,False,False
331,1,3,28.0,23.25,3,0,False,True,False,False,False,False,False,False,False,False,True,False,False,False,False,False,False,False,False
215,0,3,28.0,7.75,2,0,True,True,False,False,False,False,False,False,False,False,False,False,False,True,False,False,False,False,False
467,0,2,28.0,0.0,1,1,True,False,True,False,False,False,False,False,False,False,False,False,False,True,False,False,False,False,False
122,0,3,28.0,8.05,1,1,True,False,True,False,False,False,False,False,False,False,False,False,False,True,False,False,False,False,False
615,0,3,35.0,8.05,1,1,True,False,True,False,False,False,False,False,False,False,False,False,False,True,False,False,False,False,False
21,0,2,35.0,26.0,1,1,True,False,True,False,False,False,False,False,False,False,False,False,False,True,False,False,False,False,False
701,1,1,18.0,227.525,2,0,False,False,False,False,False,False,False,False,False,False,False,False,False,False,True,False,False,False,False
72,0,3,16.0,46.9,8,0,False,False,True,False,False,False,False,False,False,False,True,False,False,False,False,False,False,False,False
107,1,3,21.0,7.65,1,1,False,False,True,False,False,False,False,False,False,False,True,False,False,False,False,False,False,False,False
271,0,1,28.0,31.0,1,1,True,False,True,False,False,False,False,False,False,False,False,False,False,True,False,False,False,False,False
861,0,3,41.0,14.1083,3,0,True,False,True,False,False,False,False,False,False,False,False,False,False,True,False,False,False,False,False
436,1,1,14.0,120.0,4,0,False,False,True,False,False,False,False,False,False,False,True,False,False,False,False,False,False,False,False
103,0,1,21.0,77.2875,2,0,True,False,True,False,False,False,False,False,False,False,False,False,False,True,False,False,False,False,False
